<keymap version="1" name="VSCode OSX (Migrated)" parent="VSCode OSX">
  <action id="ActivateVersionControlToolWindow">
    <keyboard-shortcut first-keystroke="shift ctrl g" />
    <keyboard-shortcut first-keystroke="meta h" />
  </action>
  <action id="Back">
    <keyboard-shortcut first-keystroke="ctrl minus" />
    <mouse-shortcut keystroke="button4" />
    <keyboard-shortcut first-keystroke="alt minus" />
  </action>
  <action id="Forward">
    <keyboard-shortcut first-keystroke="shift ctrl minus" />
    <mouse-shortcut keystroke="button5" />
    <keyboard-shortcut first-keystroke="shift alt minus" />
  </action>
  <action id="GotoLine">
    <keyboard-shortcut first-keystroke="ctrl g" />
    <keyboard-shortcut first-keystroke="meta g" />
  </action>
  <action id="ToggleDistractionFreeMode">
    <keyboard-shortcut first-keystroke="meta 5" />
  </action>
</keymap>