<application>
  <component name="KeymapFlagsStorage">
    <option name="keymapToDescriptor">
      <map>
        <entry key="VSCode (macOS) copy">
          <value>
            <list />
          </value>
        </entry>
        <entry key="VSCode (macOS) copy 1">
          <value>
            <list />
          </value>
        </entry>
        <entry key="VSCode OSX (Migrated)">
          <value>
            <list />
          </value>
        </entry>
      </map>
    </option>
  </component>
</application>